STATION,NAME,DATE,DAPR,MDPR,PRCP,SNOW,SNWD,TMAX,TMIN,TOBS,WT03
USW00023272,"SAN FRANCISCO DOWNTOWN, CA US",2019-01-01,,,0,,,12.8,7.2,,
USW00023272,"SAN FRANCISCO DOWNTOWN, CA US",2019-01-02,,,0,,,13.9,5.6,,
USW00023272,"SAN FRANCISCO DOWNTOWN, CA US",2019-01-03,,,0,,,12.8,6.7,,
USW00023272,"SAN FRANCISCO DOWNTOWN, CA US",2019-01-04,,,0,,,13.3,7.2,,
USW00023272,"SAN FRANCISCO DOWNTOWN, CA US",2019-01-05,,,3.3,,,13.3,10,,
USW00023272,"SAN FRANCISCO DOWNTOWN, CA US",2019-01-06,,,32.5,,,13.9,9.4,,
USW00023272,"SAN FRANCISCO DOWNTOWN, CA US",2019-01-07,,,0,,,14.4,10.6,,
USW00023272,"SAN FRANCISCO DOWNTOWN, CA US",2019-01-08,,,1,,,15,11.1,,
USW00023272,"SAN FRANCISCO DOWNTOWN, CA US",2019-01-09,,,1.5,,,16.1,12.2,,
USW00023272,"SAN FRANCISCO DOWNTOWN, CA US",2019-01-10,,,0,,,14.4,10.6,,
USW00023272,"SAN FRANCISCO DOWNTOWN, CA US",2019-01-11,,,7.4,,,13.9,10,,
USW00023272,"SAN FRANCISCO DOWNTOWN, CA US",2019-01-12,,,0,,,16.1,11.1,,
USW00023272,"SAN FRANCISCO DOWNTOWN, CA US",2019-01-13,,,0,,,15.6,8.9,,
USW00023272,"SAN FRANCISCO DOWNTOWN, CA US",2019-01-14,,,0.3,,,13.9,11.1,,
USW00023272,"SAN FRANCISCO DOWNTOWN, CA US",2019-01-15,,,21.8,,,13.3,10.6,,
USW00023272,"SAN FRANCISCO DOWNTOWN, CA US",2019-01-16,,,29,,,16.1,11.7,,
USW00023272,"SAN FRANCISCO DOWNTOWN, CA US",2019-01-17,,,13.2,,,15,11.1,,
USW00023272,"SAN FRANCISCO DOWNTOWN, CA US",2019-01-18,,,0,,,16.7,11.1,,
USW00023272,"SAN FRANCISCO DOWNTOWN, CA US",2019-01-19,,,0,,,18.9,12.2,,
USW00023272,"SAN FRANCISCO DOWNTOWN, CA US",2019-01-20,,,5.3,,,15,9.4,,
USW00023272,"SAN FRANCISCO DOWNTOWN, CA US",2019-01-21,,,0,,,13.9,9.4,,
USW00023272,"SAN FRANCISCO DOWNTOWN, CA US",2019-01-22,,,0,,,15.6,7.8,,
USW00023272,"SAN FRANCISCO DOWNTOWN, CA US",2019-01-23,,,0,,,15,7.8,,
USW00023272,"SAN FRANCISCO DOWNTOWN, CA US",2019-01-24,,,0,,,18.9,8.9,,
USW00023272,"SAN FRANCISCO DOWNTOWN, CA US",2019-01-25,,,0,,,18.3,9.4,,
USW00023272,"SAN FRANCISCO DOWNTOWN, CA US",2019-01-26,,,0,,,18.9,10,,
USW00023272,"SAN FRANCISCO DOWNTOWN, CA US",2019-01-27,,,0,,,18.9,11.1,,
USW00023272,"SAN FRANCISCO DOWNTOWN, CA US",2019-01-28,,,0,,,18.9,12.2,,
USW00023272,"SAN FRANCISCO DOWNTOWN, CA US",2019-01-29,,,0,,,16.1,11.1,,
USW00023272,"SAN FRANCISCO DOWNTOWN, CA US",2019-01-30,,,2,,,16.7,11.1,,
USW00023272,"SAN FRANCISCO DOWNTOWN, CA US",2019-01-31,,,13,,,15.6,11.7,,
USW00023272,"SAN FRANCISCO DOWNTOWN, CA US",2019-02-01,,,5.3,,,14.4,11.7,,
USW00023272,"SAN FRANCISCO DOWNTOWN, CA US",2019-02-02,,,18,,,15,10,,
USW00023272,"SAN FRANCISCO DOWNTOWN, CA US",2019-02-03,,,6.4,,,12.8,10,,
USW00023272,"SAN FRANCISCO DOWNTOWN, CA US",2019-02-04,,,16,,,10.6,5.6,,
USW00023272,"SAN FRANCISCO DOWNTOWN, CA US",2019-02-05,,,1,,,10,4.4,,
USW00023272,"SAN FRANCISCO DOWNTOWN, CA US",2019-02-06,,,0,,,12.2,5.6,,
USW00023272,"SAN FRANCISCO DOWNTOWN, CA US",2019-02-07,,,0,,,12.8,6.1,,
USW00023272,"SAN FRANCISCO DOWNTOWN, CA US",2019-02-08,,,6.6,,,10.6,7.8,,
USW00023272,"SAN FRANCISCO DOWNTOWN, CA US",2019-02-09,,,9.7,,,12.2,7.2,,
USW00023272,"SAN FRANCISCO DOWNTOWN, CA US",2019-02-10,,,4.1,,,10,4.4,,
USW00023272,"SAN FRANCISCO DOWNTOWN, CA US",2019-02-11,,,0,,,11.7,6.7,,
USW00023272,"SAN FRANCISCO DOWNTOWN, CA US",2019-02-12,,,7.1,,,11.7,6.7,,
USW00023272,"SAN FRANCISCO DOWNTOWN, CA US",2019-02-13,,,63.2,,,15.6,8.3,,
USW00023272,"SAN FRANCISCO DOWNTOWN, CA US",2019-02-14,,,25.4,,,16.7,8.9,,
USW00023272,"SAN FRANCISCO DOWNTOWN, CA US",2019-02-15,,,3.6,,,12.2,7.8,,
USW00023272,"SAN FRANCISCO DOWNTOWN, CA US",2019-02-16,,,3.3,,,11.1,6.7,,
USW00023272,"SAN FRANCISCO DOWNTOWN, CA US",2019-02-17,,,4.6,,,11.1,6.1,,
USW00023272,"SAN FRANCISCO DOWNTOWN, CA US",2019-02-18,,,0,,,12.8,6.1,,
USW00023272,"SAN FRANCISCO DOWNTOWN, CA US",2019-02-19,,,0,,,13.3,6.1,,
USW00023272,"SAN FRANCISCO DOWNTOWN, CA US",2019-02-20,,,0,,,12.2,8.3,,
USW00023272,"SAN FRANCISCO DOWNTOWN, CA US",2019-02-21,,,0,,,13.3,6.1,,
USW00023272,"SAN FRANCISCO DOWNTOWN, CA US",2019-02-22,,,0,,,13.3,6.7,,
USW00023272,"SAN FRANCISCO DOWNTOWN, CA US",2019-02-23,,,0,,,12.8,6.1,,
USW00023272,"SAN FRANCISCO DOWNTOWN, CA US",2019-02-24,,,0,,,13.9,8.9,,
USW00023272,"SAN FRANCISCO DOWNTOWN, CA US",2019-02-25,,,3,,,13.3,9.4,,
USW00023272,"SAN FRANCISCO DOWNTOWN, CA US",2019-02-26,,,16,,,14.4,11.1,,
USW00023272,"SAN FRANCISCO DOWNTOWN, CA US",2019-02-27,,,8.4,,,15.6,9.4,,
USW00023272,"SAN FRANCISCO DOWNTOWN, CA US",2019-02-28,,,0,,,13.3,9.4,,
USW00023272,"SAN FRANCISCO DOWNTOWN, CA US",2019-03-01,,,0.3,,,13.9,8.3,,
USW00023272,"SAN FRANCISCO DOWNTOWN, CA US",2019-03-02,,,20.6,,,13.3,10,,
USW00023272,"SAN FRANCISCO DOWNTOWN, CA US",2019-03-03,,,1.8,,,13.9,10,,
USW00023272,"SAN FRANCISCO DOWNTOWN, CA US",2019-03-04,,,2.3,,,13.3,9.4,,
USW00023272,"SAN FRANCISCO DOWNTOWN, CA US",2019-03-05,,,9.4,,,13.9,10,,
USW00023272,"SAN FRANCISCO DOWNTOWN, CA US",2019-03-06,,,20.1,,,14.4,10,,
USW00023272,"SAN FRANCISCO DOWNTOWN, CA US",2019-03-07,,,1,,,12.2,8.9,,
USW00023272,"SAN FRANCISCO DOWNTOWN, CA US",2019-03-08,,,0,,,12.2,7.8,,
USW00023272,"SAN FRANCISCO DOWNTOWN, CA US",2019-03-09,,,5.3,,,12.8,7.8,,
USW00023272,"SAN FRANCISCO DOWNTOWN, CA US",2019-03-10,,,4.8,,,13.9,7.8,,
USW00023272,"SAN FRANCISCO DOWNTOWN, CA US",2019-03-11,,,0,,,17.2,7.2,,
USW00023272,"SAN FRANCISCO DOWNTOWN, CA US",2019-03-12,,,0,,,13.9,9.4,,
USW00023272,"SAN FRANCISCO DOWNTOWN, CA US",2019-03-13,,,0,,,16.1,8.9,,
USW00023272,"SAN FRANCISCO DOWNTOWN, CA US",2019-03-14,,,0,,,17.8,8.3,,
USW00023272,"SAN FRANCISCO DOWNTOWN, CA US",2019-03-15,,,0,,,20,8.9,,
USW00023272,"SAN FRANCISCO DOWNTOWN, CA US",2019-03-16,,,0,,,21.7,8.9,,
USW00023272,"SAN FRANCISCO DOWNTOWN, CA US",2019-03-17,,,0,,,22.2,9.4,,
USW00023272,"SAN FRANCISCO DOWNTOWN, CA US",2019-03-18,,,0,,,22.8,10.6,,
USW00023272,"SAN FRANCISCO DOWNTOWN, CA US",2019-03-19,,,0,,,20,10.6,,
USW00023272,"SAN FRANCISCO DOWNTOWN, CA US",2019-03-20,,,16.8,,,15.6,10.6,,
USW00023272,"SAN FRANCISCO DOWNTOWN, CA US",2019-03-21,,,0,,,15.6,9.4,,
USW00023272,"SAN FRANCISCO DOWNTOWN, CA US",2019-03-22,,,15.5,,,13.3,10,,
USW00023272,"SAN FRANCISCO DOWNTOWN, CA US",2019-03-23,,,1.5,,,14.4,10,,
USW00023272,"SAN FRANCISCO DOWNTOWN, CA US",2019-03-24,,,0,,,18.3,8.9,,
USW00023272,"SAN FRANCISCO DOWNTOWN, CA US",2019-03-25,,,4.6,,,16.7,11.1,,
USW00023272,"SAN FRANCISCO DOWNTOWN, CA US",2019-03-26,,,3,,,17.8,9.4,,
USW00023272,"SAN FRANCISCO DOWNTOWN, CA US",2019-03-27,,,0.5,,,16.1,11.7,,
USW00023272,"SAN FRANCISCO DOWNTOWN, CA US",2019-03-28,,,2,,,17.2,11.7,,
USW00023272,"SAN FRANCISCO DOWNTOWN, CA US",2019-03-29,,,0,,,15,9.4,,
USW00023272,"SAN FRANCISCO DOWNTOWN, CA US",2019-03-30,,,0,,,17.8,9.4,,
USW00023272,"SAN FRANCISCO DOWNTOWN, CA US",2019-03-31,,,0,,,22.2,10,,
USW00023272,"SAN FRANCISCO DOWNTOWN, CA US",2019-04-01,,,0.5,,,16.7,11.7,,
USW00023272,"SAN FRANCISCO DOWNTOWN, CA US",2019-04-02,,,2.5,,,15.6,11.7,,
USW00023272,"SAN FRANCISCO DOWNTOWN, CA US",2019-04-03,,,0,,,15,11.7,,
USW00023272,"SAN FRANCISCO DOWNTOWN, CA US",2019-04-04,,,0.3,,,17.2,11.7,,
USW00023272,"SAN FRANCISCO DOWNTOWN, CA US",2019-04-05,,,3.3,,,16.7,12.2,,
USW00023272,"SAN FRANCISCO DOWNTOWN, CA US",2019-04-06,,,0.5,,,18.9,12.8,,
USW00023272,"SAN FRANCISCO DOWNTOWN, CA US",2019-04-07,,,0,,,19.4,13.3,,
USW00023272,"SAN FRANCISCO DOWNTOWN, CA US",2019-04-08,,,1.5,,,21.1,12.2,,
USW00023272,"SAN FRANCISCO DOWNTOWN, CA US",2019-04-09,,,0,,,16.1,11.7,,
USW00023272,"SAN FRANCISCO DOWNTOWN, CA US",2019-04-10,,,0,,,17.2,10,,
USW00023272,"SAN FRANCISCO DOWNTOWN, CA US",2019-04-11,,,0,,,15,11.7,,
USW00023272,"SAN FRANCISCO DOWNTOWN, CA US",2019-04-12,,,0,,,17.8,10,,
USW00023272,"SAN FRANCISCO DOWNTOWN, CA US",2019-04-13,,,0,,,20.6,10,,
USW00023272,"SAN FRANCISCO DOWNTOWN, CA US",2019-04-14,,,0,,,13.9,10,,
USW00023272,"SAN FRANCISCO DOWNTOWN, CA US",2019-04-15,,,0.5,,,13.9,9.4,,
USW00023272,"SAN FRANCISCO DOWNTOWN, CA US",2019-04-16,,,1.5,,,16.1,10,,
USW00023272,"SAN FRANCISCO DOWNTOWN, CA US",2019-04-17,,,0,,,18.3,10,,
USW00023272,"SAN FRANCISCO DOWNTOWN, CA US",2019-04-18,,,0,,,23.9,10.6,,
USW00023272,"SAN FRANCISCO DOWNTOWN, CA US",2019-04-19,,,0,,,16.1,10,,
USW00023272,"SAN FRANCISCO DOWNTOWN, CA US",2019-04-20,,,0.3,,,14.4,10.6,,
USW00023272,"SAN FRANCISCO DOWNTOWN, CA US",2019-04-21,,,0,,,17.2,9.4,,
USW00023272,"SAN FRANCISCO DOWNTOWN, CA US",2019-04-22,,,0,,,22.8,10,,
USW00023272,"SAN FRANCISCO DOWNTOWN, CA US",2019-04-23,,,0,,,27.8,12.2,,
USW00023272,"SAN FRANCISCO DOWNTOWN, CA US",2019-04-24,,,0,,,23.3,13.3,,
USW00023272,"SAN FRANCISCO DOWNTOWN, CA US",2019-04-25,,,0,,,15.6,11.1,,
USW00023272,"SAN FRANCISCO DOWNTOWN, CA US",2019-04-26,,,0,,,17.2,11.1,,
USW00023272,"SAN FRANCISCO DOWNTOWN, CA US",2019-04-27,,,0,,,16.1,11.1,,
USW00023272,"SAN FRANCISCO DOWNTOWN, CA US",2019-04-28,,,0,,,15.6,10.6,,
USW00023272,"SAN FRANCISCO DOWNTOWN, CA US",2019-04-29,,,0,,,16.7,10.6,,
USW00023272,"SAN FRANCISCO DOWNTOWN, CA US",2019-04-30,,,0,,,15.6,11.7,,
USW00023272,"SAN FRANCISCO DOWNTOWN, CA US",2019-05-01,,,0,,,17.8,10.6,,
USW00023272,"SAN FRANCISCO DOWNTOWN, CA US",2019-05-02,,,0,,,18.3,10.6,,
USW00023272,"SAN FRANCISCO DOWNTOWN, CA US",2019-05-03,,,0,,,16.1,10,,
USW00023272,"SAN FRANCISCO DOWNTOWN, CA US",2019-05-04,,,0,,,15,10,,
USW00023272,"SAN FRANCISCO DOWNTOWN, CA US",2019-05-05,,,0,,,15,10.6,,
USW00023272,"SAN FRANCISCO DOWNTOWN, CA US",2019-05-06,,,0,,,14.4,11.7,,
USW00023272,"SAN FRANCISCO DOWNTOWN, CA US",2019-05-07,,,0,,,16.7,11.1,,
USW00023272,"SAN FRANCISCO DOWNTOWN, CA US",2019-05-08,,,0,,,16.1,11.7,,
USW00023272,"SAN FRANCISCO DOWNTOWN, CA US",2019-05-09,,,0,,,16.7,11.7,,
USW00023272,"SAN FRANCISCO DOWNTOWN, CA US",2019-05-10,,,0,,,17.2,11.7,,
USW00023272,"SAN FRANCISCO DOWNTOWN, CA US",2019-05-11,,,0,,,16.1,11.7,,
USW00023272,"SAN FRANCISCO DOWNTOWN, CA US",2019-05-12,,,0,,,15,11.7,,
USW00023272,"SAN FRANCISCO DOWNTOWN, CA US",2019-05-13,,,0,,,15.6,11.1,,
USW00023272,"SAN FRANCISCO DOWNTOWN, CA US",2019-05-14,,,0,,,16.1,12.2,,
USW00023272,"SAN FRANCISCO DOWNTOWN, CA US",2019-05-15,,,13.2,,,17.2,11.7,,
USW00023272,"SAN FRANCISCO DOWNTOWN, CA US",2019-05-16,,,6.6,,,15,10,,
USW00023272,"SAN FRANCISCO DOWNTOWN, CA US",2019-05-17,,,0,,,16.1,10,,
USW00023272,"SAN FRANCISCO DOWNTOWN, CA US",2019-05-18,,,19.6,,,13.3,11.1,,
USW00023272,"SAN FRANCISCO DOWNTOWN, CA US",2019-05-19,,,4.1,,,15.6,9.4,,
USW00023272,"SAN FRANCISCO DOWNTOWN, CA US",2019-05-20,,,0.3,,,16.1,10.6,,
USW00023272,"SAN FRANCISCO DOWNTOWN, CA US",2019-05-21,,,5.1,,,15,11.1,,
USW00023272,"SAN FRANCISCO DOWNTOWN, CA US",2019-05-22,,,0,,,18.3,11.1,,
USW00023272,"SAN FRANCISCO DOWNTOWN, CA US",2019-05-23,,,0,,,17.2,11.7,,
USW00023272,"SAN FRANCISCO DOWNTOWN, CA US",2019-05-24,,,0,,,17.2,11.7,,
USW00023272,"SAN FRANCISCO DOWNTOWN, CA US",2019-05-25,,,0,,,17.2,11.1,,
USW00023272,"SAN FRANCISCO DOWNTOWN, CA US",2019-05-26,,,0.5,,,13.9,10.6,,
USW00023272,"SAN FRANCISCO DOWNTOWN, CA US",2019-05-27,,,0,,,15.6,10,,
USW00023272,"SAN FRANCISCO DOWNTOWN, CA US",2019-05-28,,,0,,,16.1,11.7,,
USW00023272,"SAN FRANCISCO DOWNTOWN, CA US",2019-05-29,,,0,,,19.4,11.1,,
USW00023272,"SAN FRANCISCO DOWNTOWN, CA US",2019-05-30,,,0,,,13.9,10,,
USW00023272,"SAN FRANCISCO DOWNTOWN, CA US",2019-05-31,,,0,,,18.3,10.6,,
USW00023272,"SAN FRANCISCO DOWNTOWN, CA US",2019-06-01,,,0,,,17.2,11.1,,
USW00023272,"SAN FRANCISCO DOWNTOWN, CA US",2019-06-02,,,0,,,16.7,12.2,,
USW00023272,"SAN FRANCISCO DOWNTOWN, CA US",2019-06-03,,,0,,,17.2,10.6,,
USW00023272,"SAN FRANCISCO DOWNTOWN, CA US",2019-06-04,,,0,,,21.7,11.7,,
USW00023272,"SAN FRANCISCO DOWNTOWN, CA US",2019-06-05,,,0,,,21.7,12.8,,
USW00023272,"SAN FRANCISCO DOWNTOWN, CA US",2019-06-06,,,0,,,16.1,10.6,,
USW00023272,"SAN FRANCISCO DOWNTOWN, CA US",2019-06-07,,,0,,,19.4,10.6,,
USW00023272,"SAN FRANCISCO DOWNTOWN, CA US",2019-06-08,,,0,,,26.7,13.3,,
USW00023272,"SAN FRANCISCO DOWNTOWN, CA US",2019-06-09,,,0,,,32.8,16.1,,
USW00023272,"SAN FRANCISCO DOWNTOWN, CA US",2019-06-10,,,0,,,36.1,22.2,,
USW00023272,"SAN FRANCISCO DOWNTOWN, CA US",2019-06-11,,,0,,,33.3,20,,
USW00023272,"SAN FRANCISCO DOWNTOWN, CA US",2019-06-12,,,0,,,26.1,14.4,,
USW00023272,"SAN FRANCISCO DOWNTOWN, CA US",2019-06-13,,,0,,,17.2,12.8,,
USW00023272,"SAN FRANCISCO DOWNTOWN, CA US",2019-06-14,,,0,,,16.1,12.2,,
USW00023272,"SAN FRANCISCO DOWNTOWN, CA US",2019-06-15,,,0,,,15,11.1,,
USW00023272,"SAN FRANCISCO DOWNTOWN, CA US",2019-06-16,,,0,,,15,11.1,,
USW00023272,"SAN FRANCISCO DOWNTOWN, CA US",2019-06-17,,,0,,,18.9,11.7,,
USW00023272,"SAN FRANCISCO DOWNTOWN, CA US",2019-06-18,,,0,,,17.8,12.8,,
USW00023272,"SAN FRANCISCO DOWNTOWN, CA US",2019-06-19,,,0,,,18.3,13.3,,
USW00023272,"SAN FRANCISCO DOWNTOWN, CA US",2019-06-20,,,0,,,18.3,12.8,,
USW00023272,"SAN FRANCISCO DOWNTOWN, CA US",2019-06-21,,,0,,,19.4,12.2,,
USW00023272,"SAN FRANCISCO DOWNTOWN, CA US",2019-06-22,,,0,,,22.2,12.2,,
USW00023272,"SAN FRANCISCO DOWNTOWN, CA US",2019-06-23,,,0,,,22.8,12.8,,
USW00023272,"SAN FRANCISCO DOWNTOWN, CA US",2019-06-24,,,0,,,19.4,12.8,,
USW00023272,"SAN FRANCISCO DOWNTOWN, CA US",2019-06-25,,,0,,,18.9,13.3,,
USW00023272,"SAN FRANCISCO DOWNTOWN, CA US",2019-06-26,,,0,,,18.3,13.3,,
USW00023272,"SAN FRANCISCO DOWNTOWN, CA US",2019-06-27,,,0,,,17.8,12.8,,
USW00023272,"SAN FRANCISCO DOWNTOWN, CA US",2019-06-28,,,0,,,18.3,12.2,,
USW00023272,"SAN FRANCISCO DOWNTOWN, CA US",2019-06-29,,,0,,,17.2,11.1,,
USW00023272,"SAN FRANCISCO DOWNTOWN, CA US",2019-06-30,,,0,,,17.2,12.2,,
USW00023272,"SAN FRANCISCO DOWNTOWN, CA US",2019-07-01,,,0,,,17.8,12.2,,
USW00023272,"SAN FRANCISCO DOWNTOWN, CA US",2019-07-02,,,0,,,18.3,12.2,,
USW00023272,"SAN FRANCISCO DOWNTOWN, CA US",2019-07-03,,,0,,,18.9,11.7,,
USW00023272,"SAN FRANCISCO DOWNTOWN, CA US",2019-07-04,,,0,,,18.3,11.7,,
USW00023272,"SAN FRANCISCO DOWNTOWN, CA US",2019-07-05,,,0,,,19.4,12.2,,
USW00023272,"SAN FRANCISCO DOWNTOWN, CA US",2019-07-06,,,0,,,18.9,12.2,,
USW00023272,"SAN FRANCISCO DOWNTOWN, CA US",2019-07-07,,,0,,,16.7,12.2,,
USW00023272,"SAN FRANCISCO DOWNTOWN, CA US",2019-07-08,,,0,,,16.1,12.2,,
USW00023272,"SAN FRANCISCO DOWNTOWN, CA US",2019-07-09,,,0,,,17.8,12.8,,
USW00023272,"SAN FRANCISCO DOWNTOWN, CA US",2019-07-10,,,0,,,19.4,13.9,,
USW00023272,"SAN FRANCISCO DOWNTOWN, CA US",2019-07-11,,,0,,,17.8,13.3,,
USW00023272,"SAN FRANCISCO DOWNTOWN, CA US",2019-07-12,,,0,,,18.3,11.7,,
USW00023272,"SAN FRANCISCO DOWNTOWN, CA US",2019-07-13,,,0,,,16.7,11.7,,
USW00023272,"SAN FRANCISCO DOWNTOWN, CA US",2019-07-14,,,0,,,17.2,11.7,,
USW00023272,"SAN FRANCISCO DOWNTOWN, CA US",2019-07-15,,,0,,,21.1,13.3,,
USW00023272,"SAN FRANCISCO DOWNTOWN, CA US",2019-07-16,,,0,,,19.4,12.2,,
USW00023272,"SAN FRANCISCO DOWNTOWN, CA US",2019-07-17,,,0,,,21.1,12.8,,
USW00023272,"SAN FRANCISCO DOWNTOWN, CA US",2019-07-18,,,0,,,18.3,13.3,,
USW00023272,"SAN FRANCISCO DOWNTOWN, CA US",2019-07-19,,,0,,,21.7,14.4,,
USW00023272,"SAN FRANCISCO DOWNTOWN, CA US",2019-07-20,,,0,,,18.9,13.9,,
USW00023272,"SAN FRANCISCO DOWNTOWN, CA US",2019-07-21,,,0,,,18.9,13.3,,
USW00023272,"SAN FRANCISCO DOWNTOWN, CA US",2019-07-22,,,0,,,19.4,12.8,,
USW00023272,"SAN FRANCISCO DOWNTOWN, CA US",2019-07-23,,,0,,,18.3,13.3,,
USW00023272,"SAN FRANCISCO DOWNTOWN, CA US",2019-07-24,,,0,,,23.9,12.8,,
USW00023272,"SAN FRANCISCO DOWNTOWN, CA US",2019-07-25,,,0,,,20,13.3,,
USW00023272,"SAN FRANCISCO DOWNTOWN, CA US",2019-07-26,,,0,,,18.9,12.8,,
USW00023272,"SAN FRANCISCO DOWNTOWN, CA US",2019-07-27,,,0,,,20,12.2,,
USW00023272,"SAN FRANCISCO DOWNTOWN, CA US",2019-07-28,,,0,,,23.3,14.4,,
USW00023272,"SAN FRANCISCO DOWNTOWN, CA US",2019-07-29,,,0,,,18.3,13.3,,
USW00023272,"SAN FRANCISCO DOWNTOWN, CA US",2019-07-30,,,0,,,17.8,12.2,,
USW00023272,"SAN FRANCISCO DOWNTOWN, CA US",2019-07-31,,,0,,,20,13.3,,
USW00023272,"SAN FRANCISCO DOWNTOWN, CA US",2019-08-01,,,0,,,17.8,13.9,,
USW00023272,"SAN FRANCISCO DOWNTOWN, CA US",2019-08-02,,,0,,,19.4,13.9,,
USW00023272,"SAN FRANCISCO DOWNTOWN, CA US",2019-08-03,,,0,,,20,13.3,,
USW00023272,"SAN FRANCISCO DOWNTOWN, CA US",2019-08-04,,,0,,,20,13.3,,
USW00023272,"SAN FRANCISCO DOWNTOWN, CA US",2019-08-05,,,0,,,21.1,13.9,,
USW00023272,"SAN FRANCISCO DOWNTOWN, CA US",2019-08-06,,,0,,,20,13.9,,
USW00023272,"SAN FRANCISCO DOWNTOWN, CA US",2019-08-07,,,0,,,18.3,13.3,,
USW00023272,"SAN FRANCISCO DOWNTOWN, CA US",2019-08-08,,,0,,,18.9,13.3,,
USW00023272,"SAN FRANCISCO DOWNTOWN, CA US",2019-08-09,,,0,,,21.7,14.4,,
USW00023272,"SAN FRANCISCO DOWNTOWN, CA US",2019-08-10,,,0,,,20.6,15,,
USW00023272,"SAN FRANCISCO DOWNTOWN, CA US",2019-08-11,,,0,,,23.3,13.3,,
USW00023272,"SAN FRANCISCO DOWNTOWN, CA US",2019-08-12,,,0,,,25,15,,
USW00023272,"SAN FRANCISCO DOWNTOWN, CA US",2019-08-13,,,0,,,24.4,14.4,,
USW00023272,"SAN FRANCISCO DOWNTOWN, CA US",2019-08-14,,,0,,,28.9,15,,
USW00023272,"SAN FRANCISCO DOWNTOWN, CA US",2019-08-15,,,0,,,29.4,15.6,,
USW00023272,"SAN FRANCISCO DOWNTOWN, CA US",2019-08-16,,,0,,,22.2,15,,
USW00023272,"SAN FRANCISCO DOWNTOWN, CA US",2019-08-17,,,0,,,20.6,14.4,,
USW00023272,"SAN FRANCISCO DOWNTOWN, CA US",2019-08-18,,,0,,,22.2,13.9,,
USW00023272,"SAN FRANCISCO DOWNTOWN, CA US",2019-08-19,,,0,,,18.3,13.9,,
USW00023272,"SAN FRANCISCO DOWNTOWN, CA US",2019-08-20,,,0,,,18.3,15,,
USW00023272,"SAN FRANCISCO DOWNTOWN, CA US",2019-08-21,,,0,,,23.3,14.4,,
USW00023272,"SAN FRANCISCO DOWNTOWN, CA US",2019-08-22,,,0,,,22.8,15.6,,
USW00023272,"SAN FRANCISCO DOWNTOWN, CA US",2019-08-23,,,0,,,21.7,15,,
USW00023272,"SAN FRANCISCO DOWNTOWN, CA US",2019-08-24,,,0,,,19.4,14.4,,
USW00023272,"SAN FRANCISCO DOWNTOWN, CA US",2019-08-25,,,0,,,18.9,13.3,,
USW00023272,"SAN FRANCISCO DOWNTOWN, CA US",2019-08-26,,,0,,,22.2,12.2,,
USW00023272,"SAN FRANCISCO DOWNTOWN, CA US",2019-08-27,,,0,,,19.4,13.3,,
USW00023272,"SAN FRANCISCO DOWNTOWN, CA US",2019-08-28,,,0,,,20,15,,
USW00023272,"SAN FRANCISCO DOWNTOWN, CA US",2019-08-29,,,0,,,22.8,16.7,,
USW00023272,"SAN FRANCISCO DOWNTOWN, CA US",2019-08-30,,,0,,,19.4,15.6,,
USW00023272,"SAN FRANCISCO DOWNTOWN, CA US",2019-08-31,,,0,,,24.4,15.6,,
USW00023272,"SAN FRANCISCO DOWNTOWN, CA US",2019-09-01,,,0,,,21.1,15.6,,
USW00023272,"SAN FRANCISCO DOWNTOWN, CA US",2019-09-02,,,0,,,17.8,15.6,,
USW00023272,"SAN FRANCISCO DOWNTOWN, CA US",2019-09-03,,,0,,,19.4,13.3,,
USW00023272,"SAN FRANCISCO DOWNTOWN, CA US",2019-09-04,,,0,,,20.6,13.9,,
USW00023272,"SAN FRANCISCO DOWNTOWN, CA US",2019-09-05,,,0,,,19.4,13.9,,
USW00023272,"SAN FRANCISCO DOWNTOWN, CA US",2019-09-06,,,0,,,17.8,13.9,,
USW00023272,"SAN FRANCISCO DOWNTOWN, CA US",2019-09-07,,,0,,,19.4,14.4,,
USW00023272,"SAN FRANCISCO DOWNTOWN, CA US",2019-09-08,,,0,,,20,13.3,,
USW00023272,"SAN FRANCISCO DOWNTOWN, CA US",2019-09-09,,,0,,,21.1,13.3,,
USW00023272,"SAN FRANCISCO DOWNTOWN, CA US",2019-09-10,,,0,,,19.4,12.8,,
USW00023272,"SAN FRANCISCO DOWNTOWN, CA US",2019-09-11,,,0,,,24.4,13.9,,
USW00023272,"SAN FRANCISCO DOWNTOWN, CA US",2019-09-12,,,0,,,31.1,16.7,,
USW00023272,"SAN FRANCISCO DOWNTOWN, CA US",2019-09-13,,,0,,,34.4,18.3,,
USW00023272,"SAN FRANCISCO DOWNTOWN, CA US",2019-09-14,,,0,,,21.1,15,,
USW00023272,"SAN FRANCISCO DOWNTOWN, CA US",2019-09-15,,,0,,,19.4,13.9,,
USW00023272,"SAN FRANCISCO DOWNTOWN, CA US",2019-09-16,,,1.8,,,20,15,,
USW00023272,"SAN FRANCISCO DOWNTOWN, CA US",2019-09-17,,,0,,,21.1,13.9,,
USW00023272,"SAN FRANCISCO DOWNTOWN, CA US",2019-09-18,,,0.5,,,21.1,15.6,,
USW00023272,"SAN FRANCISCO DOWNTOWN, CA US",2019-09-19,,,0,,,21.7,13.9,,
USW00023272,"SAN FRANCISCO DOWNTOWN, CA US",2019-09-20,,,0,,,26.1,15,,
USW00023272,"SAN FRANCISCO DOWNTOWN, CA US",2019-09-21,,,0,,,28.9,15.6,,
USW00023272,"SAN FRANCISCO DOWNTOWN, CA US",2019-09-22,,,0,,,20,13.9,,
USW00023272,"SAN FRANCISCO DOWNTOWN, CA US",2019-09-23,,,0,,,25,13.3,,
USW00023272,"SAN FRANCISCO DOWNTOWN, CA US",2019-09-24,,,0,,,32.2,16.1,,
USW00023272,"SAN FRANCISCO DOWNTOWN, CA US",2019-09-25,,,0,,,34.4,17.8,,
USW00023272,"SAN FRANCISCO DOWNTOWN, CA US",2019-09-26,,,0,,,25,15.6,,
USW00023272,"SAN FRANCISCO DOWNTOWN, CA US",2019-09-27,,,0.8,,,17.8,13.3,,
USW00023272,"SAN FRANCISCO DOWNTOWN, CA US",2019-09-28,,,0,,,17.2,11.7,,
USW00023272,"SAN FRANCISCO DOWNTOWN, CA US",2019-09-29,,,0,,,17.8,11.1,,
USW00023272,"SAN FRANCISCO DOWNTOWN, CA US",2019-09-30,,,0,,,16.7,12.2,,
USW00023272,"SAN FRANCISCO DOWNTOWN, CA US",2019-10-01,,,0,0,0,17.8,10.6,,
USW00023272,"SAN FRANCISCO DOWNTOWN, CA US",2019-10-02,,,0,0,0,20.6,10.6,,
USW00023272,"SAN FRANCISCO DOWNTOWN, CA US",2019-10-03,,,0,0,0,17.2,11.1,,
USW00023272,"SAN FRANCISCO DOWNTOWN, CA US",2019-10-04,,,0,0,0,20.6,11.1,,
USW00023272,"SAN FRANCISCO DOWNTOWN, CA US",2019-10-05,,,0,0,0,23.9,12.2,,
USW00023272,"SAN FRANCISCO DOWNTOWN, CA US",2019-10-06,,,0,0,0,28.3,14.4,,
USW00023272,"SAN FRANCISCO DOWNTOWN, CA US",2019-10-07,,,0,0,0,28.3,16.1,,
USW00023272,"SAN FRANCISCO DOWNTOWN, CA US",2019-10-08,,,0,0,0,24.4,13.3,,
USW00023272,"SAN FRANCISCO DOWNTOWN, CA US",2019-10-09,,,0,0,0,18.3,11.7,,
USW00023272,"SAN FRANCISCO DOWNTOWN, CA US",2019-10-10,,,0,0,0,24.4,15.6,,
USW00023272,"SAN FRANCISCO DOWNTOWN, CA US",2019-10-11,,,0,0,0,25.6,12.8,,
USW00023272,"SAN FRANCISCO DOWNTOWN, CA US",2019-10-12,,,0,0,0,25,12.8,,
USW00023272,"SAN FRANCISCO DOWNTOWN, CA US",2019-10-13,,,0,0,0,16.7,10,,
USW00023272,"SAN FRANCISCO DOWNTOWN, CA US",2019-10-14,,,0,0,0,16.7,10.6,,
USW00023272,"SAN FRANCISCO DOWNTOWN, CA US",2019-10-15,,,0,0,0,20,10,,
USW00023272,"SAN FRANCISCO DOWNTOWN, CA US",2019-10-16,,,0,0,0,17.2,11.1,,
USW00023272,"SAN FRANCISCO DOWNTOWN, CA US",2019-10-17,,,0.3,0,0,17.2,12.2,,
USW00023272,"SAN FRANCISCO DOWNTOWN, CA US",2019-10-18,,,0,0,0,17.8,12.2,,
USW00023272,"SAN FRANCISCO DOWNTOWN, CA US",2019-10-19,,,0,0,0,18.3,12.2,,
USW00023272,"SAN FRANCISCO DOWNTOWN, CA US",2019-10-20,,,0,0,0,20,11.1,,
USW00023272,"SAN FRANCISCO DOWNTOWN, CA US",2019-10-21,,,0,0,0,25,13.3,,
USW00023272,"SAN FRANCISCO DOWNTOWN, CA US",2019-10-22,,,0,0,0,27.2,15,,
USW00023272,"SAN FRANCISCO DOWNTOWN, CA US",2019-10-23,,,0,0,0,28.3,15.6,,
USW00023272,"SAN FRANCISCO DOWNTOWN, CA US",2019-10-24,,,0,0,0,30.6,17.8,,
USW00023272,"SAN FRANCISCO DOWNTOWN, CA US",2019-10-25,,,0,0,0,30,17.2,,
USW00023272,"SAN FRANCISCO DOWNTOWN, CA US",2019-10-26,,,0,0,0,22.2,12.8,,
USW00023272,"SAN FRANCISCO DOWNTOWN, CA US",2019-10-27,,,0,0,0,19.4,12.2,,
USW00023272,"SAN FRANCISCO DOWNTOWN, CA US",2019-10-28,,,0,0,0,20.6,11.1,,
USW00023272,"SAN FRANCISCO DOWNTOWN, CA US",2019-10-29,,,0,0,0,21.1,10,,
USW00023272,"SAN FRANCISCO DOWNTOWN, CA US",2019-10-30,,,0,0,0,19.4,10,,
USW00023272,"SAN FRANCISCO DOWNTOWN, CA US",2019-10-31,,,0,0,0,21.1,11.7,,
USW00023272,"SAN FRANCISCO DOWNTOWN, CA US",2019-11-01,,,0,,,22.2,10,,
USW00023272,"SAN FRANCISCO DOWNTOWN, CA US",2019-11-02,,,0,,,22.8,11.1,,
USW00023272,"SAN FRANCISCO DOWNTOWN, CA US",2019-11-03,,,0,,,24.4,11.1,,
USW00023272,"SAN FRANCISCO DOWNTOWN, CA US",2019-11-04,,,0,,,21.7,9.4,,
USW00023272,"SAN FRANCISCO DOWNTOWN, CA US",2019-11-05,,,0,,,17.8,8.9,,
USW00023272,"SAN FRANCISCO DOWNTOWN, CA US",2019-11-06,,,0,,,15.6,10,,
USW00023272,"SAN FRANCISCO DOWNTOWN, CA US",2019-11-07,,,0,,,15.6,9.4,,
USW00023272,"SAN FRANCISCO DOWNTOWN, CA US",2019-11-08,,,0,,,15.6,10.6,,
USW00023272,"SAN FRANCISCO DOWNTOWN, CA US",2019-11-09,,,0,,,17.2,10,,
USW00023272,"SAN FRANCISCO DOWNTOWN, CA US",2019-11-10,,,0,,,17.8,10.6,,
USW00023272,"SAN FRANCISCO DOWNTOWN, CA US",2019-11-11,,,0,,,24.4,10,,
USW00023272,"SAN FRANCISCO DOWNTOWN, CA US",2019-11-12,,,0,,,20.6,10.6,,
USW00023272,"SAN FRANCISCO DOWNTOWN, CA US",2019-11-13,,,0,,,13.9,9.4,,
USW00023272,"SAN FRANCISCO DOWNTOWN, CA US",2019-11-14,,,0.5,,,16.1,12.2,,
USW00023272,"SAN FRANCISCO DOWNTOWN, CA US",2019-11-15,,,0,,,17.8,12.8,,
USW00023272,"SAN FRANCISCO DOWNTOWN, CA US",2019-11-16,,,0,,,20,11.1,,
USW00023272,"SAN FRANCISCO DOWNTOWN, CA US",2019-11-17,,,0,,,22.8,11.1,,
USW00023272,"SAN FRANCISCO DOWNTOWN, CA US",2019-11-18,,,0,,,23.3,12.8,,
USW00023272,"SAN FRANCISCO DOWNTOWN, CA US",2019-11-19,,,0,,,15.6,11.7,,
USW00023272,"SAN FRANCISCO DOWNTOWN, CA US",2019-11-20,,,0,,,18.9,11.1,,
USW00023272,"SAN FRANCISCO DOWNTOWN, CA US",2019-11-21,,,0,,,17.2,11.7,,
USW00023272,"SAN FRANCISCO DOWNTOWN, CA US",2019-11-22,,,0,,,17.8,10,,
USW00023272,"SAN FRANCISCO DOWNTOWN, CA US",2019-11-23,,,0,,,19.4,10,,
USW00023272,"SAN FRANCISCO DOWNTOWN, CA US",2019-11-24,,,0,,,18.9,10,,
USW00023272,"SAN FRANCISCO DOWNTOWN, CA US",2019-11-25,,,0,,,17.2,9.4,,
USW00023272,"SAN FRANCISCO DOWNTOWN, CA US",2019-11-26,,,24.9,,,12.2,7.8,,
USW00023272,"SAN FRANCISCO DOWNTOWN, CA US",2019-11-27,,,4.1,,,11.1,7.2,,
USW00023272,"SAN FRANCISCO DOWNTOWN, CA US",2019-11-28,,,3.6,,,8.9,5.6,,
USW00023272,"SAN FRANCISCO DOWNTOWN, CA US",2019-11-29,,,0.3,,,11.7,5.6,,
USW00023272,"SAN FRANCISCO DOWNTOWN, CA US",2019-11-30,,,3.8,,,11.1,6.7,,
USW00023272,"SAN FRANCISCO DOWNTOWN, CA US",2019-12-01,,,5.1,,,12.8,11.1,,
USW00023272,"SAN FRANCISCO DOWNTOWN, CA US",2019-12-02,,,6.9,,,14.4,11.7,,
USW00023272,"SAN FRANCISCO DOWNTOWN, CA US",2019-12-03,,,0.3,,,16.1,11.1,,
USW00023272,"SAN FRANCISCO DOWNTOWN, CA US",2019-12-04,,,5.3,,,14.4,11.1,,
USW00023272,"SAN FRANCISCO DOWNTOWN, CA US",2019-12-05,,,0.3,,,15,11.7,,
USW00023272,"SAN FRANCISCO DOWNTOWN, CA US",2019-12-06,,,7.9,,,17.2,12.2,,
USW00023272,"SAN FRANCISCO DOWNTOWN, CA US",2019-12-07,,,23.6,,,16.7,12.2,,
USW00023272,"SAN FRANCISCO DOWNTOWN, CA US",2019-12-08,,,4.1,,,15,11.1,,
USW00023272,"SAN FRANCISCO DOWNTOWN, CA US",2019-12-09,,,0,,,13.3,10,,
USW00023272,"SAN FRANCISCO DOWNTOWN, CA US",2019-12-10,,,4.3,,,14.4,10.6,,
USW00023272,"SAN FRANCISCO DOWNTOWN, CA US",2019-12-11,,,5.6,,,14.4,11.1,,
USW00023272,"SAN FRANCISCO DOWNTOWN, CA US",2019-12-12,,,1.8,,,15.6,13.3,,
USW00023272,"SAN FRANCISCO DOWNTOWN, CA US",2019-12-13,,,1.8,,,14.4,11.7,,
USW00023272,"SAN FRANCISCO DOWNTOWN, CA US",2019-12-14,,,1.5,,,13.3,9.4,,
USW00023272,"SAN FRANCISCO DOWNTOWN, CA US",2019-12-15,,,0,,,13.3,8.9,,
USW00023272,"SAN FRANCISCO DOWNTOWN, CA US",2019-12-16,,,0,,,13.9,7.8,,
USW00023272,"SAN FRANCISCO DOWNTOWN, CA US",2019-12-17,,,0,,,13.9,8.3,,
USW00023272,"SAN FRANCISCO DOWNTOWN, CA US",2019-12-18,,,21.8,,,12.2,8.9,,
USW00023272,"SAN FRANCISCO DOWNTOWN, CA US",2019-12-19,,,0.8,,,15,11.1,,
USW00023272,"SAN FRANCISCO DOWNTOWN, CA US",2019-12-20,,,0,,,15,10,,
USW00023272,"SAN FRANCISCO DOWNTOWN, CA US",2019-12-21,,,0,,,16.1,10,,
USW00023272,"SAN FRANCISCO DOWNTOWN, CA US",2019-12-22,,,11.7,,,13.3,8.9,,
USW00023272,"SAN FRANCISCO DOWNTOWN, CA US",2019-12-23,,,0,,,12.8,7.2,,
USW00023272,"SAN FRANCISCO DOWNTOWN, CA US",2019-12-24,,,0,,,11.7,6.7,,
USW00023272,"SAN FRANCISCO DOWNTOWN, CA US",2019-12-25,,,8.9,,,11.1,7.8,,
USW00023272,"SAN FRANCISCO DOWNTOWN, CA US",2019-12-26,,,0,,,13.9,7.2,,
USW00023272,"SAN FRANCISCO DOWNTOWN, CA US",2019-12-27,,,0,,,14.4,6.1,,
USW00023272,"SAN FRANCISCO DOWNTOWN, CA US",2019-12-28,,,0,,,15,6.7,,
USW00023272,"SAN FRANCISCO DOWNTOWN, CA US",2019-12-29,,,13,,,12.2,8.9,,
USW00023272,"SAN FRANCISCO DOWNTOWN, CA US",2019-12-30,,,0.3,,,15.6,8.3,,
USW00023272,"SAN FRANCISCO DOWNTOWN, CA US",2019-12-31,,,0,,,17.2,7.8,,
